score,mandatory_review,role_category,company,title,location,location_priority,years_min,years_max,is_internship,resume_to_use,ats_score,tailored,resume_file,source,ats,final_url,url
70.0,1,other,S&P Global,"Apprentice, Metals & Mining (Data Operations)","Ahmedabad, Gujarat",ahmedabad,0,2,0,,,,,adzuna,company_site,https://www.adzuna.in/land/ad/5855429391?se=chfFgtul8RGcfKYe_cIpvA&utm_medium=api&utm_source=93a24393&v=7AA99D87331D941040CB83D02A1890B6B0509BCD,https://www.adzuna.in/land/ad/5855429391?se=chfFgtul8RGcfKYe_cIpvA&utm_medium=api&utm_source=93a24393&v=7AA99D87331D941040CB83D02A1890B6B0509BCD
70.0,1,other,EazeRecruit HR Private Limited,Sage Intacct Implementation Specialist,"Ahmedabad, Gujarat, India",ahmedabad,0,2,0,,,,,jobspy:linkedin,linkedin,https://in.linkedin.com/jobs/view/sage-intacct-implementation-specialist-at-eazerecruit-hr-private-limited-4459763739,https://www.linkedin.com/jobs/view/4459763739
70.0,1,other,eem. Branding - Think Unthinkable,odoo functional expert,"Ahmedabad, Gujarat, India",ahmedabad,0,2,0,,,,,jobspy:linkedin,linkedin,https://www.linkedin.com/jobs/view/4453858267,https://www.linkedin.com/jobs/view/4453858267
70.0,1,other,PwC India,IN_Senior Associate_SAP FICO_Enterprise Apps-SAP_Advisory_Ahmedabad,"Ahmedabad, Gujarat, India",ahmedabad,0,2,0,,,,,jobspy:linkedin,linkedin,https://in.linkedin.com/jobs/view/in-senior-associate-sap-fico-enterprise-apps-sap-advisory-ahmedabad-at-pwc-india-4461519486,https://www.linkedin.com/jobs/view/4461519486
70.0,1,other,PwC India,IN_Senior Associate_SAP PM _Enterprise Apps-SAP_Advisory_Ahmedabad,"Ahmedabad, Gujarat, India",ahmedabad,0,2,0,,,,,jobspy:linkedin,linkedin,https://www.linkedin.com/jobs/view/4461529324,https://www.linkedin.com/jobs/view/4461529324
70.0,1,other,Outsourced,IFS Technical Specialist (India),"Ahmedabad, Gujarat, India",ahmedabad,0,2,0,,,,,jobspy:linkedin,linkedin,https://in.linkedin.com/jobs/view/ifs-technical-specialist-india-at-outsourced-4454974761,https://www.linkedin.com/jobs/view/4454974761
70.0,1,other,donotbuy.com,Product Manager,"Ahmedabad, Gujarat, India",ahmedabad,0,2,0,,,,,jobspy:linkedin,linkedin,https://www.linkedin.com/jobs/view/4460221361,https://www.linkedin.com/jobs/view/4460221361
70.0,1,other,Cephlon,Business Operations & Growth Associate,"Ahmedabad, Gujarat, India",ahmedabad,0,2,0,,,,,jobspy:linkedin,linkedin,https://in.linkedin.com/jobs/view/business-operations-growth-associate-at-cephlon-4460251098,https://www.linkedin.com/jobs/view/4460251098
70.0,1,other,Huptech HR Solutions,AI Adoption Specialist,"Ahmedabad, Gujarat, India",ahmedabad,0,2,0,,,,,jobspy:linkedin,linkedin,https://in.linkedin.com/jobs/view/ai-adoption-specialist-at-huptech-hr-solutions-4459262496,https://www.linkedin.com/jobs/view/4459262496
70.0,1,other,Amazon,"Team Lead - AMZL , ATSPL - GJ","Ahmedabad, Gujarat, India",ahmedabad,0,2,0,,,,,jobspy:linkedin,linkedin,https://www.linkedin.com/jobs/view/4461079929,https://www.linkedin.com/jobs/view/4461079929
70.0,1,other,E2M,Paid Media Specialist,"Ahmedabad, Gujarat, India",ahmedabad,0,2,0,,,,,jobspy:linkedin,linkedin,https://www.linkedin.com/jobs/view/4461064713,https://www.linkedin.com/jobs/view/4461064713
70.0,1,other,Accenture in India,Packaged/SaaS Application Engineer,"Ahmedabad, Gujarat, India",ahmedabad,0,2,0,,,,,jobspy:linkedin,linkedin,https://in.linkedin.com/jobs/view/packaged-saas-application-engineer-at-accenture-in-india-4461204687,https://www.linkedin.com/jobs/view/4461204687
70.0,1,other,Lantern Digital,Performance Marketing Specialist,"Ahmedabad, Gujarat, India",ahmedabad,0,2,0,,,,,jobspy:linkedin,linkedin,https://www.linkedin.com/jobs/view/4458899996,https://www.linkedin.com/jobs/view/4458899996
70.0,1,other,RHC India,Senior Applied AI Engineer,"Ahmedabad, Gujarat, India",ahmedabad,0,2,0,,,,,jobspy:linkedin,linkedin,https://www.linkedin.com/jobs/view/4461563682,https://www.linkedin.com/jobs/view/4461563682
70.0,1,other,PwC India,IN_Senior Associate_SAP CPI_Enterprise Apps-SAP_Advisory_Ahmedabad,"Ahmedabad, Gujarat, India",ahmedabad,0,2,0,,,,,jobspy:linkedin,linkedin,https://www.linkedin.com/jobs/view/4461515600,https://www.linkedin.com/jobs/view/4461515600
70.0,1,other,Huptech HR Solutions,Technical Lead - AI,"Ahmedabad, Gujarat, India",ahmedabad,0,2,0,,,,,jobspy:linkedin,linkedin,https://www.linkedin.com/jobs/view/4459253622,https://www.linkedin.com/jobs/view/4459253622
90.0,0,analyst,Acura Solution,Grant Thornton/Business Analyst/ Ahmedabad,"Ahmedabad, Gujarat",ahmedabad,0,2,0,analyst,100.0,False,/home/runner/work/job_pipeline/job_pipeline/resumes/VedangTrivedi_Analyst.pdf,adzuna,company_site,https://www.adzuna.in/details/5728442696?utm_medium=api&utm_source=93a24393,https://www.adzuna.in/details/5728442696?utm_medium=api&utm_source=93a24393
90.0,0,swe,S&P Global,"Senior Software Engineer- Python, Data Engineer","Ahmedabad, Gujarat",ahmedabad,0,2,0,swe,0.0,False,/home/runner/work/job_pipeline/job_pipeline/resumes/VedangTrivedi_SWE.pdf,adzuna,company_site,https://www.adzuna.in/land/ad/5857982620?se=3v3xlNul8RGEeLI7Dotn4Q&utm_medium=api&utm_source=93a24393&v=C23207572509CD6B8B5F2A54EF31BBFA4E2CFC82,https://www.adzuna.in/land/ad/5857982620?se=3v3xlNul8RGEeLI7Dotn4Q&utm_medium=api&utm_source=93a24393&v=C23207572509CD6B8B5F2A54EF31BBFA4E2CFC82
90.0,0,swe,Sophos,Zuora Billing- Senior Developer,"Ahmedabad, Gujarat, India",ahmedabad,0,2,0,swe,70.0,False,/home/runner/work/job_pipeline/job_pipeline/resumes/VedangTrivedi_SWE.pdf,jobspy:linkedin,linkedin,https://in.linkedin.com/jobs/view/zuora-billing-senior-developer-at-sophos-4423533895,https://www.linkedin.com/jobs/view/4423533895
90.0,0,swe,Alignerr,Software Engineer (AI Training),"Ahmedabad, Gujarat, India",ahmedabad,0,2,0,swe,70.0,True,/home/runner/work/job_pipeline/job_pipeline/resumes/tailored/2026-09-01_Alignerr_Software_Engineer__AI_Training.pdf,jobspy:linkedin,linkedin,https://www.linkedin.com/jobs/view/4461020912,https://www.linkedin.com/jobs/view/4461020912
90.0,0,swe,Alignerr,Software Engineer (AI Training),"Ahmedabad, Gujarat, India",ahmedabad,0,2,0,swe,70.0,False,/home/runner/work/job_pipeline/job_pipeline/resumes/VedangTrivedi_SWE.pdf,jobspy:linkedin,linkedin,https://www.linkedin.com/jobs/view/4461026910,https://www.linkedin.com/jobs/view/4461026910
90.0,0,swe,Alignerr,Software Engineer (AI Training),"Ahmedabad, Gujarat, India",ahmedabad,0,2,0,swe,70.0,True,/home/runner/work/job_pipeline/job_pipeline/resumes/tailored/2026-09-01_Alignerr_Software_Engineer__AI_Training.pdf,jobspy:linkedin,linkedin,https://www.linkedin.com/jobs/view/4461017994,https://www.linkedin.com/jobs/view/4461017994
90.0,0,swe,Alignerr,Software Engineer (AI Training),"Ahmedabad, Gujarat, India",ahmedabad,0,2,0,swe,70.0,False,/home/runner/work/job_pipeline/job_pipeline/resumes/VedangTrivedi_SWE.pdf,jobspy:linkedin,linkedin,https://in.linkedin.com/jobs/view/software-engineer-ai-training-at-alignerr-4461533234,https://www.linkedin.com/jobs/view/4461533234
90.0,0,swe,Alignerr,Software Engineer (AI Training),"Ahmedabad, Gujarat, India",ahmedabad,0,2,0,swe,70.0,False,/home/runner/work/job_pipeline/job_pipeline/resumes/VedangTrivedi_SWE.pdf,jobspy:linkedin,linkedin,https://www.linkedin.com/jobs/view/4461541130,https://www.linkedin.com/jobs/view/4461541130
60.0,0,analyst,Nagarro,"Associate Staff Engineer, Service Now(ATF & Testing on GRC module)","Remote, IN",remote,0,2,0,analyst,50.0,True,/home/runner/work/job_pipeline/job_pipeline/resumes/tailored/2026-09-01_Nagarro_Associate_Staff_Engineer__Service_Now_AT.pdf,jobspy:indeed,indeed,https://in.indeed.com/viewjob?jk=1d55c0483b2a45ea,https://in.indeed.com/viewjob?jk=1d55c0483b2a45ea
60.0,0,analyst,CATALYS,Data Analyst,"Remote, IN",remote,0,2,0,analyst,100.0,False,/home/runner/work/job_pipeline/job_pipeline/resumes/VedangTrivedi_Analyst.pdf,jobspy:indeed,indeed,https://in.indeed.com/viewjob?jk=0601e6afb282d3a2,https://in.indeed.com/viewjob?jk=0601e6afb282d3a2
60.0,0,swe,,"Senior Backend Engineer – Python, PostgreSQL with GPU-Enabled Windows","Remote, IN",remote,0,2,0,swe,38.9,True,/home/runner/work/job_pipeline/job_pipeline/resumes/tailored/2026-09-01__Senior_Backend_Engineer___Python__Postgr.pdf,jobspy:indeed,indeed,https://in.indeed.com/viewjob?jk=cf0cb4b7fa8f397c,https://in.indeed.com/viewjob?jk=cf0cb4b7fa8f397c
60.0,0,analyst,Hanivisu Technologies,Azure Data Engineer,"Remote, IN",remote,0,2,0,analyst,33.3,True,/home/runner/work/job_pipeline/job_pipeline/resumes/tailored/2026-09-01_Hanivisu_Technologies_Azure_Data_Engineer.pdf,jobspy:indeed,indeed,https://in.indeed.com/viewjob?jk=1147bb85e4a6b3d4,https://in.indeed.com/viewjob?jk=1147bb85e4a6b3d4
60.0,0,swe,kPatricii IT Services LLP,Full Stack Developer,"Remote, IN",remote,0,2,0,swe,36.4,True,/home/runner/work/job_pipeline/job_pipeline/resumes/tailored/2026-09-01_kPatricii_IT_Services_LLP_Full_Stack_Developer.pdf,jobspy:indeed,indeed,https://in.indeed.com/viewjob?jk=78e4b56e4539c6ad,https://in.indeed.com/viewjob?jk=78e4b56e4539c6ad
60.0,0,swe,RSSC TECHNOLOGY PRIVATE LIMITED,Project Manager,"Remote, IN",remote,0,2,0,swe,50.0,True,/home/runner/work/job_pipeline/job_pipeline/resumes/tailored/2026-09-01_RSSC_TECHNOLOGY_PRIVATE_LIMITED_Project_Manager.pdf,jobspy:indeed,indeed,https://in.indeed.com/viewjob?jk=68fbd7f02e7456d5,https://in.indeed.com/viewjob?jk=68fbd7f02e7456d5
60.0,0,swe,HelixBeat,Sr Python Lead,"Remote, IN",remote,0,2,0,swe,37.5,True,/home/runner/work/job_pipeline/job_pipeline/resumes/tailored/2026-09-01_HelixBeat_Sr_Python_Lead.pdf,jobspy:indeed,indeed,https://in.indeed.com/viewjob?jk=822a8eee6cde3cfc,https://in.indeed.com/viewjob?jk=822a8eee6cde3cfc
60.0,0,swe,,Software Engineering Mentor,"Remote, IN",remote,0,2,0,swe,0.0,True,/home/runner/work/job_pipeline/job_pipeline/resumes/tailored/2026-09-01__Software_Engineering_Mentor.pdf,jobspy:indeed,indeed,https://in.indeed.com/viewjob?jk=fe758c3b8c8aa1e4,https://in.indeed.com/viewjob?jk=fe758c3b8c8aa1e4
60.0,0,swe,Foundever,Conversational AI Tech Lead,"Remote, IN",remote,0,2,0,swe,43.8,True,/home/runner/work/job_pipeline/job_pipeline/resumes/tailored/2026-09-01_Foundever_Conversational_AI_Tech_Lead.pdf,jobspy:indeed,indeed,https://in.indeed.com/viewjob?jk=b7131d123896ee9c,https://in.indeed.com/viewjob?jk=b7131d123896ee9c
50.0,0,analyst,Standard Chartered Bank,Business Analyst,"Bangalore, Karnataka",india_other,0,2,0,analyst,100.0,False,/home/runner/work/job_pipeline/job_pipeline/resumes/VedangTrivedi_Analyst.pdf,adzuna,company_site,https://www.adzuna.in/land/ad/5859662662?se=JhB0htul8RGxSf1iGXKoQA&utm_medium=api&utm_source=93a24393&v=5F8E98C35FE17B8AA72E0FC7DEEF1A416AE1556F,https://www.adzuna.in/land/ad/5859662662?se=JhB0htul8RGxSf1iGXKoQA&utm_medium=api&utm_source=93a24393&v=5F8E98C35FE17B8AA72E0FC7DEEF1A416AE1556F
50.0,0,analyst,Capco,Business Analyst,India,india_other,0,2,0,analyst,70.0,True,/home/runner/work/job_pipeline/job_pipeline/resumes/tailored/2026-09-01_Capco_Business_Analyst.pdf,adzuna,company_site,https://www.adzuna.in/land/ad/5837139386?se=JhB0htul8RGxSf1iGXKoQA&utm_medium=api&utm_source=93a24393&v=E3DCC2DBFE4E6A7A1CEDD56C704AE19E69B379A7,https://www.adzuna.in/land/ad/5837139386?se=JhB0htul8RGxSf1iGXKoQA&utm_medium=api&utm_source=93a24393&v=E3DCC2DBFE4E6A7A1CEDD56C704AE19E69B379A7
50.0,0,analyst,Capco,Business Analyst - Liquidity,India,india_other,0,2,0,analyst,70.0,False,/home/runner/work/job_pipeline/job_pipeline/resumes/VedangTrivedi_Analyst.pdf,adzuna,company_site,https://www.adzuna.in/land/ad/5838614313?se=JhB0htul8RGxSf1iGXKoQA&utm_medium=api&utm_source=93a24393&v=5D952B1C2165B4F64537AFBA8F777EC4BC45A071,https://www.adzuna.in/land/ad/5838614313?se=JhB0htul8RGxSf1iGXKoQA&utm_medium=api&utm_source=93a24393&v=5D952B1C2165B4F64537AFBA8F777EC4BC45A071
50.0,0,analyst,Standard Chartered Bank,Fraud Business Analyst,"Bangalore, Karnataka",india_other,0,2,0,analyst,70.0,False,/home/runner/work/job_pipeline/job_pipeline/resumes/VedangTrivedi_Analyst.pdf,adzuna,company_site,https://www.adzuna.in/land/ad/5837139231?se=JhB0htul8RGxSf1iGXKoQA&utm_medium=api&utm_source=93a24393&v=9EB7DB70AEB7AAC9053AABE30A9302B57160D866,https://www.adzuna.in/land/ad/5837139231?se=JhB0htul8RGxSf1iGXKoQA&utm_medium=api&utm_source=93a24393&v=9EB7DB70AEB7AAC9053AABE30A9302B57160D866
50.0,0,analyst,Capco,Business Analyst_Basel,India,india_other,0,2,0,analyst,70.0,False,/home/runner/work/job_pipeline/job_pipeline/resumes/VedangTrivedi_Analyst.pdf,adzuna,company_site,https://www.adzuna.in/land/ad/5837139692?se=JhB0htul8RGxSf1iGXKoQA&utm_medium=api&utm_source=93a24393&v=F5E0A0664729AF9681D085F988CD8DAF99AE0327,https://www.adzuna.in/land/ad/5837139692?se=JhB0htul8RGxSf1iGXKoQA&utm_medium=api&utm_source=93a24393&v=F5E0A0664729AF9681D085F988CD8DAF99AE0327
50.0,0,analyst,Capco,Business Analyst / Product Owner,"Chennai, Tamil Nadu",india_other,0,2,0,analyst,100.0,False,/home/runner/work/job_pipeline/job_pipeline/resumes/VedangTrivedi_Analyst.pdf,adzuna,company_site,https://www.adzuna.in/land/ad/5857982662?se=JhB0htul8RGxSf1iGXKoQA&utm_medium=api&utm_source=93a24393&v=E6F707E9F9FE4DCFAB714B02C6A59C6E8413C127,https://www.adzuna.in/land/ad/5857982662?se=JhB0htul8RGxSf1iGXKoQA&utm_medium=api&utm_source=93a24393&v=E6F707E9F9FE4DCFAB714B02C6A59C6E8413C127
50.0,0,analyst,Standard Chartered Bank,"Business Analyst, Subledger Change","Chennai, Tamil Nadu",india_other,0,2,0,analyst,100.0,False,/home/runner/work/job_pipeline/job_pipeline/resumes/VedangTrivedi_Analyst.pdf,adzuna,company_site,https://www.adzuna.in/land/ad/5842115043?se=JhB0htul8RGxSf1iGXKoQA&utm_medium=api&utm_source=93a24393&v=CB41CADBEFA7A10F63F372BC45DE44AB09879D32,https://www.adzuna.in/land/ad/5842115043?se=JhB0htul8RGxSf1iGXKoQA&utm_medium=api&utm_source=93a24393&v=CB41CADBEFA7A10F63F372BC45DE44AB09879D32
50.0,0,analyst,MSD,"Specialist, ServiceNow Business Analyst","Hyderabad, Telangana",india_other,0,2,0,analyst,,,,adzuna,,,https://www.adzuna.in/land/ad/5857982535?se=JhB0htul8RGxSf1iGXKoQA&utm_medium=api&utm_source=93a24393&v=0905440A2349F5D693B5F4F3D27D0CFFEF0A64BF
50.0,0,analyst,Novartis,"Business Analyst, Content Enablement",India,india_other,0,2,0,analyst,,,,adzuna,,,https://www.adzuna.in/land/ad/5815611056?se=JhB0htul8RGxSf1iGXKoQA&utm_medium=api&utm_source=93a24393&v=397DE29BB585DACB89502F7664565DD97346859B
50.0,0,analyst,Standard Chartered Bank,"Business Analyst, Subledger Change","Chennai, Tamil Nadu",india_other,0,2,0,analyst,,,,adzuna,,,https://www.adzuna.in/land/ad/5840277311?se=JhB0htul8RGxSf1iGXKoQA&utm_medium=api&utm_source=93a24393&v=7820AD10C96769A4B6AB59A0CD613D907B30EBF2
50.0,0,analyst,Invesco,Advanced Business Analyst II,"Hyderabad, Telangana",india_other,0,2,0,analyst,,,,adzuna,,,https://www.adzuna.in/land/ad/5860916280?se=JhB0htul8RGxSf1iGXKoQA&utm_medium=api&utm_source=93a24393&v=7A94059D5EE20E6E939F489A328460C3F69F191F
50.0,0,analyst,Capco,Business Analyst - Custody & Trade Processing,"Bangalore, Karnataka",india_other,0,2,0,analyst,,,,adzuna,,,https://www.adzuna.in/land/ad/5837139464?se=JhB0htul8RGxSf1iGXKoQA&utm_medium=api&utm_source=93a24393&v=9B873E0CCC9FF124D27EC6C97E233569129CE6C0
50.0,0,analyst,Reckitt,"IT&D Business Analyst, Quality","Hyderabad, Telangana",india_other,0,2,0,analyst,,,,adzuna,,,https://www.adzuna.in/land/ad/5837139807?se=JhB0htul8RGxSf1iGXKoQA&utm_medium=api&utm_source=93a24393&v=3D96E7E9267B37E23061552F67DF328CDBCB8E91
50.0,0,analyst,Invesco,Sr. Business Analyst - Change Management,"Hyderabad, Telangana",india_other,0,2,0,analyst,,,,adzuna,,,https://www.adzuna.in/land/ad/5809380560?se=JhB0htul8RGxSf1iGXKoQA&utm_medium=api&utm_source=93a24393&v=00FA745C9BFF72E03F8565053777597E4114B25A
50.0,0,analyst,Capco,Nostro Risk Reporting Business Analyst,"Chennai, Tamil Nadu",india_other,0,2,0,analyst,,,,adzuna,,,https://www.adzuna.in/land/ad/5837139548?se=JhB0htul8RGxSf1iGXKoQA&utm_medium=api&utm_source=93a24393&v=FE0B40EBBB5BC83F91C643296839DDB9E52E3E17
50.0,0,analyst,Capco,Business Analyst – Cash Management & Intraday Liquidity,India,india_other,0,2,0,analyst,,,,adzuna,,,https://www.adzuna.in/land/ad/5837139481?se=JhB0htul8RGxSf1iGXKoQA&utm_medium=api&utm_source=93a24393&v=9164B7D4E7E10EA6F7B9DAEA6492B89AEE051E14
50.0,0,analyst,Novartis,"Manager, Business Analyst, MarTech Product Management",India,india_other,0,2,0,analyst,,,,adzuna,,,https://www.adzuna.in/land/ad/5855429396?se=JhB0htul8RGxSf1iGXKoQA&utm_medium=api&utm_source=93a24393&v=16BD27891C89AEB00FC010B238ECAA28163A77CD
50.0,0,analyst,Capco,Business Analyst-Third Party Risk Management,"Bangalore, Karnataka",india_other,0,2,0,analyst,,,,adzuna,,,https://www.adzuna.in/land/ad/5837139914?se=JhB0htul8RGxSf1iGXKoQA&utm_medium=api&utm_source=93a24393&v=D0881E74DD6EF225270AA28AF3565E757E8267A3
50.0,0,analyst,Deutsche Bank,"Business Analyst/AI Translator, Credit Risk","Mumbai, Maharashtra",india_other,0,2,0,analyst,,,,adzuna,,,https://www.adzuna.in/land/ad/5860300765?se=JhB0htul8RGxSf1iGXKoQA&utm_medium=api&utm_source=93a24393&v=5098E8A57654FBAA2CC69FE6295671A3B98E8257
50.0,0,analyst,Capco,BFA Senior Business Analyst (Change Management),India,india_other,0,2,0,analyst,,,,adzuna,,,https://www.adzuna.in/land/ad/5837139767?se=JhB0htul8RGxSf1iGXKoQA&utm_medium=api&utm_source=93a24393&v=1388DDB5D5FA800FA3C94F4BF6C85207DFF92CF3
50.0,0,analyst,Reckitt,IT&D Senior Business Analyst - Genesis Procurement,"Hyderabad, Telangana",india_other,0,2,0,analyst,,,,adzuna,,,https://www.adzuna.in/land/ad/5837139823?se=JhB0htul8RGxSf1iGXKoQA&utm_medium=api&utm_source=93a24393&v=E235392770EDD9E2B0BEB7DD50D3CD0B7DE4F1D4
50.0,0,analyst,Capco,Business Data Analyst,India,india_other,0,2,0,analyst,,,,adzuna,,,https://www.adzuna.in/land/ad/5837139431?se=JhB0htul8RGxSf1iGXKoQA&utm_medium=api&utm_source=93a24393&v=9F2281852FD004BE4D0EAD9279FE898C7B3E11ED
50.0,0,analyst,Capco,Senior Business Analysis - Sr Business Analyst - BNPP - Paribas,"Bangalore, Karnataka",india_other,0,2,0,analyst,,,,adzuna,,,https://www.adzuna.in/land/ad/5857251124?se=JhB0htul8RGxSf1iGXKoQA&utm_medium=api&utm_source=93a24393&v=2BDA6E1E87A7D7EDE3952410F9E14A4AB2AA5A62
50.0,0,analyst,Deutsche Bank,"Project & Change Lead – Business Analyst/Project Manager, AVP","Mumbai, Maharashtra",india_other,0,2,0,analyst,,,,adzuna,,,https://www.adzuna.in/land/ad/5846723391?se=JhB0htul8RGxSf1iGXKoQA&utm_medium=api&utm_source=93a24393&v=24650F9F441F0DA328596550392B38511B7AF478
50.0,0,analyst,Deutsche Bank,"Project & Change Lead – Business Analyst/Project Manager, AVP","Mumbai, Maharashtra",india_other,0,2,0,analyst,,,,adzuna,,,https://www.adzuna.in/land/ad/5860300789?se=JhB0htul8RGxSf1iGXKoQA&utm_medium=api&utm_source=93a24393&v=1C1ABFD9D46439949C0EBD2EF9122A4F14817D3E
50.0,0,analyst,Capco,BA Market Risk,India,india_other,0,2,0,analyst,,,,adzuna,,,https://www.adzuna.in/land/ad/5837139638?se=JhB0htul8RGxSf1iGXKoQA&utm_medium=api&utm_source=93a24393&v=9C83D61A92EF4F91795C01C5C143B5045C6EC5C0
50.0,0,analyst,Capco,Corporate Actions,India,india_other,0,2,0,analyst,,,,adzuna,,,https://www.adzuna.in/land/ad/5837139460?se=JhB0htul8RGxSf1iGXKoQA&utm_medium=api&utm_source=93a24393&v=F9D75DE94F8D7E4253DA5E528CC0F4F76B63B107
50.0,0,analyst,Capco,Liquidity - Design Analyst,India,india_other,0,2,0,analyst,,,,adzuna,,,https://www.adzuna.in/land/ad/5837139625?se=JhB0htul8RGxSf1iGXKoQA&utm_medium=api&utm_source=93a24393&v=4512448BB1CAA607C8FADF9953897FB2699D9547
50.0,0,analyst,Capco,BA -Capital Market - Bangalore,"Bangalore, Karnataka",india_other,0,2,0,analyst,,,,adzuna,,,https://www.adzuna.in/land/ad/5837139372?se=JhB0htul8RGxSf1iGXKoQA&utm_medium=api&utm_source=93a24393&v=6AEF408EF496944EC4C39A07105E9A4A40175640
50.0,0,analyst,Capco,Financial Analyst,"Mumbai, Maharashtra",india_other,0,2,0,analyst,,,,adzuna,,,https://www.adzuna.in/land/ad/5838614311?se=JhB0htul8RGxSf1iGXKoQA&utm_medium=api&utm_source=93a24393&v=5F0717BD1E210C6183396BDE1FCB720DB8AB4DB1
50.0,0,analyst,Capco,Product Manager,"Bangalore, Karnataka",india_other,0,2,0,analyst,,,,adzuna,,,https://www.adzuna.in/land/ad/5837139383?se=JhB0htul8RGxSf1iGXKoQA&utm_medium=api&utm_source=93a24393&v=B59C2764E993F20F6D103EFED86F1CBDA506836F
50.0,0,swe,Standard Chartered Bank,"Python,Pyspark Developer","Chennai, Tamil Nadu",india_other,0,2,0,swe,,,,adzuna,,,https://www.adzuna.in/land/ad/5838614354?se=JhB0htul8RGxSf1iGXKoQA&utm_medium=api&utm_source=93a24393&v=D858A921C019FF4500601B463284BEC6CC089FD8
50.0,0,analyst,CODEMONK,Business Analyst,India,india_other,0,2,0,analyst,,,,adzuna,,,https://www.adzuna.in/details/5836227791?utm_medium=api&utm_source=93a24393
50.0,0,analyst,Masai,Business Analyst,"Bangalore, Karnataka",india_other,0,2,0,analyst,,,,adzuna,,,https://www.adzuna.in/details/5847641034?utm_medium=api&utm_source=93a24393
50.0,0,analyst,Capco,Senior Data Analyst,India,india_other,0,2,0,analyst,,,,adzuna,,,https://www.adzuna.in/land/ad/5837139892?se=0Kf1i9ul8RGcfKYe_cIpvA&utm_medium=api&utm_source=93a24393&v=4787DEB72117F1E1AE98E353D8AD9B20E9DD6C9B
50.0,0,analyst,Capco,Business Data Analyst,India,india_other,0,2,0,analyst,,,,adzuna,,,https://www.adzuna.in/land/ad/5837139431?se=0Kf1i9ul8RGcfKYe_cIpvA&utm_medium=api&utm_source=93a24393&v=9F2281852FD004BE4D0EAD9279FE898C7B3E11ED
50.0,0,analyst,Kyndryl,Data Analyst / Engineer,"Bangalore, Karnataka",india_other,0,2,0,analyst,,,,adzuna,,,https://www.adzuna.in/land/ad/5855007053?se=0Kf1i9ul8RGcfKYe_cIpvA&utm_medium=api&utm_source=93a24393&v=987DAA3F2A13BDCC295A40B49D687ABE3F6B00F5
50.0,0,analyst,Capco,Liquidity - Data Analyst,India,india_other,0,2,0,analyst,,,,adzuna,,,https://www.adzuna.in/land/ad/5837139895?se=0Kf1i9ul8RGcfKYe_cIpvA&utm_medium=api&utm_source=93a24393&v=79B2AB8CAF9701F61DCB4DE422AE3B158EB7D1F2
50.0,0,analyst,S&P Global,Data Analyst- Geology,"Bangalore, Karnataka",india_other,0,2,0,analyst,,,,adzuna,,,https://www.adzuna.in/land/ad/5859662577?se=0Kf1i9ul8RGcfKYe_cIpvA&utm_medium=api&utm_source=93a24393&v=16E84E5C9812DC7D6DE8F384F3B7FEB570FFD3C3
50.0,0,analyst,Capco,Data Analyst - Data Remediation - Mumbai,"Mumbai, Maharashtra",india_other,0,2,0,analyst,,,,adzuna,,,https://www.adzuna.in/land/ad/5857251181?se=0Kf1i9ul8RGcfKYe_cIpvA&utm_medium=api&utm_source=93a24393&v=E627D12D3B0555AB7B69176F505B871F5F83ABC5
50.0,0,analyst,Capco,Liquidity Reporting- data analyst,India,india_other,0,2,0,analyst,,,,adzuna,,,https://www.adzuna.in/land/ad/5857251154?se=0Kf1i9ul8RGcfKYe_cIpvA&utm_medium=api&utm_source=93a24393&v=E11D60935C9511D08C74F601EB2D3CA382573ADF
50.0,0,analyst,Danaher,Product Marketing Data Analyst,"Maharashtra, India",india_other,0,2,0,analyst,,,,adzuna,,,https://www.adzuna.in/land/ad/5846723089?se=0Kf1i9ul8RGcfKYe_cIpvA&utm_medium=api&utm_source=93a24393&v=FD0BD05DE843F3BDED634B0C1DBF729F860AD76C
50.0,0,analyst,Elsevier,Senior Data Analyst III,"Bangalore, Karnataka",india_other,0,2,0,analyst,,,,adzuna,,,https://www.adzuna.in/land/ad/5842114982?se=0Kf1i9ul8RGcfKYe_cIpvA&utm_medium=api&utm_source=93a24393&v=3263DA3568883D53BD2F53EE96E4EFA2F6B33C94
50.0,0,analyst,Standard Chartered Bank,"Sr Manager, Senior Data Analyst","Bangalore, Karnataka",india_other,0,2,0,analyst,,,,adzuna,,,https://www.adzuna.in/land/ad/5854537719?se=0Kf1i9ul8RGcfKYe_cIpvA&utm_medium=api&utm_source=93a24393&v=EBA3E5A1C90D3E6A92603C46CEEC7ABAC2746B3A
50.0,0,analyst,Capco,B3.1 IRR Design,India,india_other,0,2,0,analyst,,,,adzuna,,,https://www.adzuna.in/land/ad/5837139530?se=0Kf1i9ul8RGcfKYe_cIpvA&utm_medium=api&utm_source=93a24393&v=30D7E02F764D982217A730AAC5B091AE185CA846
50.0,0,analyst,Capco,POD Lead_Project Delivery,India,india_other,0,2,0,analyst,,,,adzuna,,,https://www.adzuna.in/land/ad/5837139920?se=0Kf1i9ul8RGcfKYe_cIpvA&utm_medium=api&utm_source=93a24393&v=7D606BC3C4792F4F8D265281E39DE41A2C261E35
50.0,0,analyst,Inficore Soft,Data Analyst,India,india_other,0,2,0,analyst,,,,adzuna,,,https://www.adzuna.in/details/5826247065?utm_medium=api&utm_source=93a24393
50.0,0,analyst,RECEX,Data Analyst,"Delhi, India",india_other,0,2,0,analyst,,,,adzuna,,,https://www.adzuna.in/details/5728445327?utm_medium=api&utm_source=93a24393
50.0,0,swe,Morningstar,Software Engineer,"New Delhi, Delhi",india_other,0,2,0,swe,,,,adzuna,,,https://www.adzuna.in/land/ad/5846723249?se=6sahktul8RGxSf1iGXKoQA&utm_medium=api&utm_source=93a24393&v=5A544BBC960CCA0757AC78C34055BB1E3C287BD1
50.0,0,swe,ABB,Software Engineer,"Bangalore, Karnataka",india_other,0,2,0,swe,,,,adzuna,,,https://www.adzuna.in/land/ad/5852164535?se=6sahktul8RGxSf1iGXKoQA&utm_medium=api&utm_source=93a24393&v=9209E8787944C1DC2369EB9C41C3094786ECA2A0
50.0,0,swe,Morningstar,Software Engineer,"Mumbai, Maharashtra",india_other,0,2,0,swe,,,,adzuna,,,https://www.adzuna.in/land/ad/5846723066?se=6sahktul8RGxSf1iGXKoQA&utm_medium=api&utm_source=93a24393&v=8B6833BC7D3C826D7B13B446AC080A4708B285EE
50.0,0,swe,ABB,Principal Software Engineer,"Bangalore, Karnataka",india_other,0,2,0,swe,,,,adzuna,,,https://www.adzuna.in/land/ad/5797434479?se=6sahktul8RGxSf1iGXKoQA&utm_medium=api&utm_source=93a24393&v=325D3CF3D6341B1F923D29E1325494E0D56E9A0B
50.0,0,swe,Danaher,Software Engineer I,"Bangalore, Karnataka",india_other,0,2,0,swe,,,,adzuna,,,https://www.adzuna.in/land/ad/5857982538?se=6sahktul8RGxSf1iGXKoQA&utm_medium=api&utm_source=93a24393&v=3BCE4E77E48D6E7AD3EBABC72B9A3EF03859941E
50.0,0,swe,Cornerstone OnDemand,Senior Software Engineer,"Pune, Maharashtra",india_other,0,2,0,swe,,,,adzuna,,,https://www.adzuna.in/land/ad/5849297091?se=6sahktul8RGxSf1iGXKoQA&utm_medium=api&utm_source=93a24393&v=5F8140D726CBF9DA476ABBE816F5EDF9CA8478C6
50.0,0,swe,S&P Global,Senior Software Engineer,India,india_other,0,2,0,swe,,,,adzuna,,,https://www.adzuna.in/land/ad/5858538919?se=6sahktul8RGxSf1iGXKoQA&utm_medium=api&utm_source=93a24393&v=E19AF4CE74F9D91409673A26BCA4BC026CAADAD0
50.0,0,swe,MSD,"Specialist, Software Engineering","Hyderabad, Telangana",india_other,0,2,0,swe,,,,adzuna,,,https://www.adzuna.in/land/ad/5854537768?se=6sahktul8RGxSf1iGXKoQA&utm_medium=api&utm_source=93a24393&v=7EF2296F590865108CBAA5E0039A0DA96E57D684
50.0,0,swe,Moody's,Senior Software Engineer,"Bangalore, Karnataka",india_other,0,2,0,swe,,,,adzuna,,,https://www.adzuna.in/land/ad/5846723024?se=6sahktul8RGxSf1iGXKoQA&utm_medium=api&utm_source=93a24393&v=A3297652C3014CD8CD370462872C6A9BB2372E25
50.0,0,swe,Danaher,Senior Software Engineer,"Bangalore, Karnataka",india_other,0,2,0,swe,,,,adzuna,,,https://www.adzuna.in/land/ad/5857982590?se=6sahktul8RGxSf1iGXKoQA&utm_medium=api&utm_source=93a24393&v=0469BF60B89E735438CC0097D8EA9C83F0C5952C
50.0,0,swe,RX Global,Software Engineer III,"Chennai, Tamil Nadu",india_other,0,2,0,swe,,,,adzuna,,,https://www.adzuna.in/land/ad/5852738521?se=6sahktul8RGxSf1iGXKoQA&utm_medium=api&utm_source=93a24393&v=92DCB9B80110E3DF4A26B5833A4C45E64138E62F
50.0,0,swe,Morningstar,Lead Software Engineer,"Mumbai, Maharashtra",india_other,0,2,0,swe,,,,adzuna,,,https://www.adzuna.in/land/ad/5846723441?se=6sahktul8RGxSf1iGXKoQA&utm_medium=api&utm_source=93a24393&v=548681407FB52B3752B1234AA3C0172FB7CFE01B
50.0,0,swe,Morningstar,Lead Software Engineer,"Mumbai, Maharashtra",india_other,0,2,0,swe,,,,adzuna,,,https://www.adzuna.in/land/ad/5846723657?se=6sahktul8RGxSf1iGXKoQA&utm_medium=api&utm_source=93a24393&v=4EDC11ADF4A0B0127EA0F9CBE9B78964754A3372
50.0,0,swe,MSD,"Manager , Software Engineering","Hyderabad, Telangana",india_other,0,2,0,swe,,,,adzuna,,,https://www.adzuna.in/land/ad/5811159078?se=6sahktul8RGxSf1iGXKoQA&utm_medium=api&utm_source=93a24393&v=A02B435F5C6EC0B541D16D22E818FDD3A9D41C17
50.0,0,swe,Morningstar,Senior Software Engineer,"Mumbai, Maharashtra",india_other,0,2,0,swe,,,,adzuna,,,https://www.adzuna.in/land/ad/5846723122?se=6sahktul8RGxSf1iGXKoQA&utm_medium=api&utm_source=93a24393&v=D433CBC53861F80A6F3BD7A905ACC945A8D6BCBE
50.0,0,swe,ABB,Associate Software Engineer,"Bangalore, Karnataka",india_other,0,2,0,swe,,,,adzuna,,,https://www.adzuna.in/land/ad/5841509341?se=6sahktul8RGxSf1iGXKoQA&utm_medium=api&utm_source=93a24393&v=D1270B04110BECC323487E81E9C4D66C691C4651
50.0,0,swe,S&P Global,Lead Software Engineer,"Hyderabad, Telangana",india_other,0,2,0,swe,,,,adzuna,,,https://www.adzuna.in/land/ad/5820906265?se=6sahktul8RGxSf1iGXKoQA&utm_medium=api&utm_source=93a24393&v=F7E31C15B76E55517C5430FF722C9CF90DA6B9C9
50.0,0,swe,RX Global,Software Engineering Lead,"Chennai, Tamil Nadu",india_other,0,2,0,swe,,,,adzuna,,,https://www.adzuna.in/land/ad/5858538829?se=6sahktul8RGxSf1iGXKoQA&utm_medium=api&utm_source=93a24393&v=4ADD681E98A40E1C3982A68D6A63A95EE9A6AF9B
50.0,0,swe,Morningstar,Senior Software Engineer,"Mumbai, Maharashtra",india_other,0,2,0,swe,,,,adzuna,,,https://www.adzuna.in/land/ad/5846723079?se=6sahktul8RGxSf1iGXKoQA&utm_medium=api&utm_source=93a24393&v=344D930D6DCE0A591E1DE63A3B1250CC58F4E49B
50.0,0,swe,Kyndryl,Software Engineering - Development,India,india_other,0,2,0,swe,,,,adzuna,,,https://www.adzuna.in/land/ad/5837139229?se=6sahktul8RGxSf1iGXKoQA&utm_medium=api&utm_source=93a24393&v=3915E91942784F68F34D7CC5B46A11460B889762
50.0,0,swe,eBay,Senior Software Engineer,"Bangalore, Karnataka",india_other,0,2,0,swe,,,,adzuna,,,https://www.adzuna.in/land/ad/5857982685?se=6sahktul8RGxSf1iGXKoQA&utm_medium=api&utm_source=93a24393&v=47664A5946AED3E564DD67465AC2EC0A7EBEF004
50.0,0,swe,Morningstar,Lead Software Engineer,"Mumbai, Maharashtra",india_other,0,2,0,swe,,,,adzuna,,,https://www.adzuna.in/land/ad/5846723120?se=6sahktul8RGxSf1iGXKoQA&utm_medium=api&utm_source=93a24393&v=D8D317CFC6703855DDE59C765FEA3B52935D5A1F
50.0,0,swe,Moody's,Senior Software Engineer,"Bangalore, Karnataka",india_other,0,2,0,swe,,,,adzuna,,,https://www.adzuna.in/land/ad/5846723222?se=6sahktul8RGxSf1iGXKoQA&utm_medium=api&utm_source=93a24393&v=C6FA0FFA19A14A1D9439EA6992B570EAFA11C69B
50.0,0,swe,Moody's,Staff Software Engineer,"Bangalore, Karnataka",india_other,0,2,0,swe,,,,adzuna,,,https://www.adzuna.in/land/ad/5846723030?se=6sahktul8RGxSf1iGXKoQA&utm_medium=api&utm_source=93a24393&v=A12DF7C02E8D43AB5777E0856BEFF63ACAB7EB16
50.0,0,swe,Moody's,Staff Software Engineer,"Bangalore, Karnataka",india_other,0,2,0,swe,,,,adzuna,,,https://www.adzuna.in/land/ad/5846723388?se=6sahktul8RGxSf1iGXKoQA&utm_medium=api&utm_source=93a24393&v=43BAAB4C2B9B91025B2C4E2EF1039AF52FAE195C
50.0,0,swe,Moody's,Staff Software Engineer,"Bangalore, Karnataka",india_other,0,2,0,swe,,,,adzuna,,,https://www.adzuna.in/land/ad/5846723078?se=6sahktul8RGxSf1iGXKoQA&utm_medium=api&utm_source=93a24393&v=E4A1A73C5F666ACB84BAE4E1985959AA9FF61296
50.0,0,swe,Moody's,Senior Software Engineer,India,india_other,0,2,0,swe,,,,adzuna,,,https://www.adzuna.in/land/ad/5846723444?se=6sahktul8RGxSf1iGXKoQA&utm_medium=api&utm_source=93a24393&v=F835EA06D2B9954363552AB754AACA80D0BA218F
50.0,0,swe,Elsevier,Software Engineer III,"Chennai, Tamil Nadu",india_other,0,2,0,swe,,,,adzuna,,,https://www.adzuna.in/land/ad/5852738463?se=6sahktul8RGxSf1iGXKoQA&utm_medium=api&utm_source=93a24393&v=EDE131638BB8B7D791FC8F9F7ED6A4B666336BBF
50.0,0,swe,S&P Global,Software Engineer (Java),India,india_other,0,2,0,swe,,,,adzuna,,,https://www.adzuna.in/land/ad/5855429421?se=6sahktul8RGxSf1iGXKoQA&utm_medium=api&utm_source=93a24393&v=57FC7EB9AC666D4C205A0FF7A14FE1E85D2F09BA
50.0,0,swe,Warner Bros. Discovery,Principal Software Engineer,"Bangalore, Karnataka",india_other,0,2,0,swe,,,,adzuna,,,https://www.adzuna.in/land/ad/5837139560?se=6sahktul8RGxSf1iGXKoQA&utm_medium=api&utm_source=93a24393&v=EBB55035A79BA2127E934C86759FC4C6036987E2
50.0,0,swe,Moody's,Staff Software Engineer,"Bangalore, Karnataka",india_other,0,2,0,swe,,,,adzuna,,,https://www.adzuna.in/land/ad/5846723080?se=6sahktul8RGxSf1iGXKoQA&utm_medium=api&utm_source=93a24393&v=BDD9C2926EC9D90B80A0CDAE02AC3B622B32FC99
50.0,0,swe,S&P Global,Senior Software Engineer,India,india_other,0,2,0,swe,,,,adzuna,,,https://www.adzuna.in/land/ad/5820906353?se=6sahktul8RGxSf1iGXKoQA&utm_medium=api&utm_source=93a24393&v=DD6DA2120957DE37A0511EB488305E7849C47B17
50.0,0,swe,Cornerstone OnDemand,Principal Software Engineer,"Hyderabad, Telangana",india_other,0,2,0,swe,,,,adzuna,,,https://www.adzuna.in/land/ad/5837138793?se=6sahktul8RGxSf1iGXKoQA&utm_medium=api&utm_source=93a24393&v=070DB2063CB56326D59E780C41601373CB8D6C43
50.0,0,swe,Moody's,Senior Software Engineer,"Bangalore, Karnataka",india_other,0,2,0,swe,,,,adzuna,,,https://www.adzuna.in/land/ad/5846723228?se=6sahktul8RGxSf1iGXKoQA&utm_medium=api&utm_source=93a24393&v=B0B61EDA28EC2E579EB00A34B6F23C1B7F4D6F6F
50.0,0,swe,ABB,Principal Software Engineer,"Bangalore, Karnataka",india_other,0,2,0,swe,,,,adzuna,,,https://www.adzuna.in/land/ad/5852164440?se=6sahktul8RGxSf1iGXKoQA&utm_medium=api&utm_source=93a24393&v=E6EF3C01409D9B7FBC4F3B6B98E5F1E4B86BAA84
50.0,0,swe,Kyndryl,Senior Software Engineer,"Bangalore, Karnataka",india_other,0,2,0,swe,,,,adzuna,,,https://www.adzuna.in/land/ad/5849297058?se=6sahktul8RGxSf1iGXKoQA&utm_medium=api&utm_source=93a24393&v=9E93F01F48314A284AA86E54D455F971551B5709
50.0,0,swe,Morningstar,Senior Software Engineer,"Mumbai, Maharashtra",india_other,0,2,0,swe,,,,adzuna,,,https://www.adzuna.in/land/ad/5846723322?se=6sahktul8RGxSf1iGXKoQA&utm_medium=api&utm_source=93a24393&v=8C01359E03AFA9F71D7C648F1635A82AA34105B6
50.0,0,swe,Moody's,Senior Software Engineer,"Bangalore, Karnataka",india_other,0,2,0,swe,,,,adzuna,,,https://www.adzuna.in/land/ad/5846723231?se=6sahktul8RGxSf1iGXKoQA&utm_medium=api&utm_source=93a24393&v=6FDA262A4C5E50EF8EC518515612B2B84A7174CF
50.0,0,swe,Danaher,"Sr Manager, Software Engineering","Bangalore, Karnataka",india_other,0,2,0,swe,,,,adzuna,,,https://www.adzuna.in/land/ad/5846723658?se=6sahktul8RGxSf1iGXKoQA&utm_medium=api&utm_source=93a24393&v=FAB2038B3F307BA59D503547941CAF82E6FF07C3
50.0,0,swe,S&P Global,"Associate Director, Software Engineering",India,india_other,0,2,0,swe,,,,adzuna,,,https://www.adzuna.in/land/ad/5790410270?se=6sahktul8RGxSf1iGXKoQA&utm_medium=api&utm_source=93a24393&v=E83AB14B99BA57DAD162452ED29CF45DC561899D
50.0,0,swe,eBay,Sr MTS Software Engineer,"Bangalore, Karnataka",india_other,0,2,0,swe,,,,adzuna,,,https://www.adzuna.in/land/ad/5857982619?se=6sahktul8RGxSf1iGXKoQA&utm_medium=api&utm_source=93a24393&v=233F7204A9CF5569CFABBD893B8735D8A96954E6
50.0,0,swe,RX Global,Senior Software Engineer I,"Chennai, Tamil Nadu",india_other,0,2,0,swe,,,,adzuna,,,https://www.adzuna.in/land/ad/5852738450?se=6sahktul8RGxSf1iGXKoQA&utm_medium=api&utm_source=93a24393&v=118E6BBC6CC86A499B789FC50AA355F1C2FA1803
50.0,0,swe,Danaher,Lead Software Engineer: Automation,"Bangalore, Karnataka",india_other,0,2,0,swe,,,,adzuna,,,https://www.adzuna.in/land/ad/5846723288?se=6sahktul8RGxSf1iGXKoQA&utm_medium=api&utm_source=93a24393&v=C7066AF12EC54DA41656ED99F258227EC0DC9B76
50.0,0,swe,Elsevier,Senior Software Engineer I,"Chennai, Tamil Nadu",india_other,0,2,0,swe,,,,adzuna,,,https://www.adzuna.in/land/ad/5856695673?se=6sahktul8RGxSf1iGXKoQA&utm_medium=api&utm_source=93a24393&v=7C972502875875C77680ADF113060625B0E4287E
50.0,0,swe,Avaloq,Software Engineer- PLSQL -ACP,"Pune, Maharashtra",india_other,0,2,0,swe,,,,adzuna,,,https://www.adzuna.in/land/ad/5849297101?se=6sahktul8RGxSf1iGXKoQA&utm_medium=api&utm_source=93a24393&v=170ABD5EB32B33D0BC4717E9433A3CFFFD17A09D
50.0,0,swe,Elsevier,Senior Software Engineer II,"Bangalore, Karnataka",india_other,0,2,0,swe,,,,adzuna,,,https://www.adzuna.in/land/ad/5834021951?se=3v3xlNul8RGEeLI7Dotn4Q&utm_medium=api&utm_source=93a24393&v=5B578EA7BBF10016D5B89303E038CA9E2E0DA531
50.0,0,swe,Warner Bros. Discovery,Staff Software Engineer - iOS,"Bangalore, Karnataka",india_other,0,2,0,swe,,,,adzuna,,,https://www.adzuna.in/land/ad/5838614193?se=3v3xlNul8RGEeLI7Dotn4Q&utm_medium=api&utm_source=93a24393&v=9A92C6347994E53121C302383944CFFCF637848A
50.0,0,swe,Danaher,Senior Software Engineer (DevOps),"Bangalore, Karnataka",india_other,0,2,0,swe,,,,adzuna,,,https://www.adzuna.in/land/ad/5846723233?se=3v3xlNul8RGEeLI7Dotn4Q&utm_medium=api&utm_source=93a24393&v=71A208D28E0A9B304CA1AE9BB6E4DD8F74BA035B
50.0,0,swe,MSD,"Sr. Specialist, Software Engineering","Hyderabad, Telangana",india_other,0,2,0,swe,,,,adzuna,,,https://www.adzuna.in/land/ad/5811159049?se=3v3xlNul8RGEeLI7Dotn4Q&utm_medium=api&utm_source=93a24393&v=115225A53647FBED186B31084675CC95CC91FA59
50.0,0,swe,Cornerstone OnDemand,Principal Software Engineer- Workday,"Pune, Maharashtra",india_other,0,2,0,swe,,,,adzuna,,,https://www.adzuna.in/land/ad/5837139047?se=3v3xlNul8RGEeLI7Dotn4Q&utm_medium=api&utm_source=93a24393&v=B2EC09EB6B317B2A1BCD959E52C16F3E15DD523D
50.0,0,swe,Deutsche Bank,"Senior Software Engineer, AVP","Pune, Maharashtra",india_other,0,2,0,swe,,,,adzuna,,,https://www.adzuna.in/land/ad/5846723134?se=3v3xlNul8RGEeLI7Dotn4Q&utm_medium=api&utm_source=93a24393&v=635492920791DDBFC9B389E7AA9F31901FD90EFB
50.0,0,swe,eBay,Software Engineer Streaming/Messaging,"Bangalore, Karnataka",india_other,0,2,0,swe,,,,adzuna,,,https://www.adzuna.in/land/ad/5857251208?se=3v3xlNul8RGEeLI7Dotn4Q&utm_medium=api&utm_source=93a24393&v=D2EDC0229B026B966CEF760E9377E8C7A3A5D261
50.0,0,swe,Moody's,Principal Software Engineer - AI,"Bangalore, Karnataka",india_other,0,2,0,swe,,,,adzuna,,,https://www.adzuna.in/land/ad/5847959803?se=3v3xlNul8RGEeLI7Dotn4Q&utm_medium=api&utm_source=93a24393&v=24850D9B9C940C34EAB88A822280AD413E8F4422
50.0,0,swe,eBay,Senior iOS Software Engineer,"Bangalore, Karnataka",india_other,0,2,0,swe,,,,adzuna,,,https://www.adzuna.in/land/ad/5857251177?se=3v3xlNul8RGEeLI7Dotn4Q&utm_medium=api&utm_source=93a24393&v=D5ED939B8EEA0ABFD80B6A94EADD52DFF3FAA02F
50.0,0,swe,eBay,Software Engineer 2 - Fullstack,"Bangalore, Karnataka",india_other,0,2,0,swe,,,,adzuna,,,https://www.adzuna.in/land/ad/5858537731?se=3v3xlNul8RGEeLI7Dotn4Q&utm_medium=api&utm_source=93a24393&v=68500F750BEECC9CA2666B87B47125AF77DB0F66
50.0,0,swe,eBay,Software Engineer 3 – Platform Security,"Bangalore, Karnataka",india_other,0,2,0,swe,,,,adzuna,,,https://www.adzuna.in/land/ad/5857982603?se=3v3xlNul8RGEeLI7Dotn4Q&utm_medium=api&utm_source=93a24393&v=AEB5BE44ED9FDFAF3DDB91E4327FC433127724C7
50.0,0,swe,eBay,Software Engineer 3 – Network Security,"Bangalore, Karnataka",india_other,0,2,0,swe,,,,adzuna,,,https://www.adzuna.in/land/ad/5858538845?se=3v3xlNul8RGEeLI7Dotn4Q&utm_medium=api&utm_source=93a24393&v=71765EC97618575C9761C880A615CF5A1439AF06
50.0,0,swe,Danaher,"Lead Software Engineer -C#, .NET","Bangalore, Karnataka",india_other,0,2,0,swe,,,,adzuna,,,https://www.adzuna.in/land/ad/5846723705?se=3v3xlNul8RGEeLI7Dotn4Q&utm_medium=api&utm_source=93a24393&v=0A661A4F070C72B197802638222F80DAA159D65D
50.0,0,swe,Danaher,Lead Software Engineer (Manual Testing),"Bangalore, Karnataka",india_other,0,2,0,swe,,,,adzuna,,,https://www.adzuna.in/land/ad/5846723424?se=3v3xlNul8RGEeLI7Dotn4Q&utm_medium=api&utm_source=93a24393&v=5F76D0F35F3A0014DC5915C140484D906CF24167
50.0,0,swe,eBay,MTS-1 Software Engineer - Fullstack,"Bangalore, Karnataka",india_other,0,2,0,swe,,,,adzuna,,,https://www.adzuna.in/land/ad/5857251118?se=3v3xlNul8RGEeLI7Dotn4Q&utm_medium=api&utm_source=93a24393&v=554CED14F27E25A70D6F4A2B3F87FC47BCEAA74C
50.0,0,swe,Kyndryl,"Lead II, Software Engineering - Development","Bangalore, Karnataka",india_other,0,2,0,swe,,,,adzuna,,,https://www.adzuna.in/land/ad/5837138765?se=3v3xlNul8RGEeLI7Dotn4Q&utm_medium=api&utm_source=93a24393&v=1A99B1E0256D81E6667DFC83366A2F7117656EBF
50.0,0,swe,S&P Global,Senior Software Engineer- Site Reliability,"Hyderabad, Telangana",india_other,0,2,0,swe,,,,adzuna,,,https://www.adzuna.in/land/ad/5785772327?se=3v3xlNul8RGEeLI7Dotn4Q&utm_medium=api&utm_source=93a24393&v=F12AE1BCDE940C5AAF0E1D1025B345F7DE2BBA21
50.0,0,swe,Kyndryl,"Lead II, Software Engineering - Development","Bangalore, Karnataka",india_other,0,2,0,swe,,,,adzuna,,,https://www.adzuna.in/land/ad/5837139057?se=3v3xlNul8RGEeLI7Dotn4Q&utm_medium=api&utm_source=93a24393&v=A61540EFB52B1578EEEE5D493BD8EFD09C00F93D
50.0,0,swe,Kyndryl,Sr. Software Engineer - Backend Java,"Bangalore, Karnataka",india_other,0,2,0,swe,,,,adzuna,,,https://www.adzuna.in/land/ad/5837138668?se=3v3xlNul8RGEeLI7Dotn4Q&utm_medium=api&utm_source=93a24393&v=AE41B534F2371B442102070C83D6AA62C10BF7B4
50.0,0,swe,eBay,MTS 2 Software Engineer(FE),"Bangalore, Karnataka",india_other,0,2,0,swe,,,,adzuna,,,https://www.adzuna.in/land/ad/5858539511?se=3v3xlNul8RGEeLI7Dotn4Q&utm_medium=api&utm_source=93a24393&v=AAE2468DF57AA37792EADEDCDA25C7074B6F723B
50.0,0,swe,S&P Global,"Senior Software Engineer (.Net, Java)",India,india_other,0,2,0,swe,,,,adzuna,,,https://www.adzuna.in/land/ad/5785771845?se=3v3xlNul8RGEeLI7Dotn4Q&utm_medium=api&utm_source=93a24393&v=58FA4DB7CCF56FB9CB95CF698D9C18BF059CA604
50.0,0,swe,Kyndryl,Software Engineer - Full Stack Development,"Bangalore, Karnataka",india_other,0,2,0,swe,,,,adzuna,,,https://www.adzuna.in/land/ad/5837139213?se=3v3xlNul8RGEeLI7Dotn4Q&utm_medium=api&utm_source=93a24393&v=E5417B67FF55CE6D73B707EB6DE0DDD14F83958C
50.0,0,swe,Kyndryl,Software Engineer - Full Stack Development,"Bangalore, Karnataka",india_other,0,2,0,swe,,,,adzuna,,,https://www.adzuna.in/land/ad/5837843568?se=3v3xlNul8RGEeLI7Dotn4Q&utm_medium=api&utm_source=93a24393&v=699F7FD333BF4F09AF21CC3376FFD58C92E789CB
50.0,0,swe,eBay,"MTS 1, Software Engineer - Fullstack","Bangalore, Karnataka",india_other,0,2,0,swe,,,,adzuna,,,https://www.adzuna.in/land/ad/5857251111?se=3v3xlNul8RGEeLI7Dotn4Q&utm_medium=api&utm_source=93a24393&v=F904BAF22E1C823A4ADDA03DFD43FE41F9A3E0CF
50.0,0,swe,S&P Global,"Software Engineer, Backend Development (Python)","Hyderabad, Telangana",india_other,0,2,0,swe,,,,adzuna,,,https://www.adzuna.in/land/ad/5857982567?se=3v3xlNul8RGEeLI7Dotn4Q&utm_medium=api&utm_source=93a24393&v=E3BA106662F057620D67772A3B71950CEB94EDB3
50.0,0,swe,eBay,"MTS 2, Software Engineer, ios","Bangalore, Karnataka",india_other,0,2,0,swe,,,,adzuna,,,https://www.adzuna.in/land/ad/5857251176?se=3v3xlNul8RGEeLI7Dotn4Q&utm_medium=api&utm_source=93a24393&v=009A870CE8F7858C79EEC08A54E6D66F727BFA2D
50.0,0,swe,Kyndryl,Software Engineer - Microsoft Power Platform Developer,"Bangalore, Karnataka",india_other,0,2,0,swe,,,,adzuna,,,https://www.adzuna.in/land/ad/5837138735?se=3v3xlNul8RGEeLI7Dotn4Q&utm_medium=api&utm_source=93a24393&v=30DB8AF6167416207F9C7D2B1D78CA8ED201388F
50.0,0,swe,Kyndryl,Software Engineer - Microsoft Power Platform Developer,"Bangalore, Karnataka",india_other,0,2,0,swe,,,,adzuna,,,https://www.adzuna.in/land/ad/5841509246?se=3v3xlNul8RGEeLI7Dotn4Q&utm_medium=api&utm_source=93a24393&v=77A93A263198B258FF86EBD054D2013BF2EF8C57
50.0,0,swe,Kyndryl,Senior Software Engineer - Full Stack Development,India,india_other,0,2,0,swe,,,,adzuna,,,https://www.adzuna.in/land/ad/5859162328?se=3v3xlNul8RGEeLI7Dotn4Q&utm_medium=api&utm_source=93a24393&v=51CE8D814EEEDB76D0F82B95CE74226A56477874
50.0,0,swe,Kyndryl,Software Engineering Technical Specialist - Workday Integrations,"Bangalore, Karnataka",india_other,0,2,0,swe,,,,adzuna,,,https://www.adzuna.in/land/ad/5837138870?se=3v3xlNul8RGEeLI7Dotn4Q&utm_medium=api&utm_source=93a24393&v=899C3565A64AEB2CF3591A438D267555AC8D99FF
50.0,0,swe,Kyndryl,Software Engineering Technical Specialist - Workday Integrations,India,india_other,0,2,0,swe,,,,adzuna,,,https://www.adzuna.in/land/ad/5837139058?se=3v3xlNul8RGEeLI7Dotn4Q&utm_medium=api&utm_source=93a24393&v=272ED659CA517B66038E84728ECEA3DF0ADEFD29
50.0,0,swe,Danaher,"Lead software Engineer(Linux, Shell Scripting)","Bangalore, Karnataka",india_other,0,2,0,swe,,,,adzuna,,,https://www.adzuna.in/land/ad/5846723395?se=3v3xlNul8RGEeLI7Dotn4Q&utm_medium=api&utm_source=93a24393&v=EA9FB623FDBD2825C6B94704230F9897130869ED
50.0,0,swe,Warner Bros. Discovery,"Staff Software Engineer - Python, Computer Vision","Bangalore, Karnataka",india_other,0,2,0,swe,,,,adzuna,,,https://www.adzuna.in/land/ad/5837139496?se=3v3xlNul8RGEeLI7Dotn4Q&utm_medium=api&utm_source=93a24393&v=8A830B18AB145FCE95C31BF0F449C84D4182BBD7
50.0,0,swe,Ellucian,"Software Engineer I - React, Node, AWS","Bangalore, Karnataka",india_other,0,2,0,swe,,,,adzuna,,,https://www.adzuna.in/land/ad/5859162406?se=3v3xlNul8RGEeLI7Dotn4Q&utm_medium=api&utm_source=93a24393&v=418C451A11172F3FF7CF4B1A95C9E045A3D7C996
50.0,0,swe,S&P Global,Senior Software Engineer - Java Application Development,"Hyderabad, Telangana",india_other,0,2,0,swe,,,,adzuna,,,https://www.adzuna.in/land/ad/5857982691?se=3v3xlNul8RGEeLI7Dotn4Q&utm_medium=api&utm_source=93a24393&v=8F440D08D72F6EB1A5284B96D0DB614DD2671E5F
50.0,0,swe,Warner Bros. Discovery,"Director, Software Engineering - Data Platform, Hyderabad","Hyderabad, Telangana",india_other,0,2,0,swe,,,,adzuna,,,https://www.adzuna.in/land/ad/5837139380?se=3v3xlNul8RGEeLI7Dotn4Q&utm_medium=api&utm_source=93a24393&v=1A3B058DCEFB48784C2B3A0C56C9BD34D21143C1
50.0,0,swe,Kyndryl,Software Engineering Technical Specialist – Workday Integrations,India,india_other,0,2,0,swe,,,,adzuna,,,https://www.adzuna.in/land/ad/5837138865?se=3v3xlNul8RGEeLI7Dotn4Q&utm_medium=api&utm_source=93a24393&v=C0B30B0383EC5A21D96F0615459FF406C918F8E2
50.0,0,swe,Danaher,"Lead Software Engineer (Java, Javascript, Oracle Database)","Bangalore, Karnataka",india_other,0,2,0,swe,,,,adzuna,,,https://www.adzuna.in/land/ad/5846723130?se=3v3xlNul8RGEeLI7Dotn4Q&utm_medium=api&utm_source=93a24393&v=F1410B2842520D4A97E2CD8D65A3E71162204136
50.0,0,swe,Warner Bros. Discovery,"Staff Software Engineer - Data Platform Team, Hyderabad","Hyderabad, Telangana",india_other,0,2,0,swe,,,,adzuna,,,https://www.adzuna.in/land/ad/5837139377?se=3v3xlNul8RGEeLI7Dotn4Q&utm_medium=api&utm_source=93a24393&v=20D2F32D463DC026D82B2D18F387A276C4E6E0CD
50.0,0,swe,Warner Bros. Discovery,"Senior Software Engineer -Localization (GLP Team), Bangalore","Bangalore, Karnataka",india_other,0,2,0,swe,,,,adzuna,,,https://www.adzuna.in/land/ad/5837139532?se=3v3xlNul8RGEeLI7Dotn4Q&utm_medium=api&utm_source=93a24393&v=671B8364939ACD4D1D101FD2EFAEE9749AE3F40D
50.0,0,swe,Warner Bros. Discovery,"Manager, Software Engineering, Streaming Analytics Platform- Bangalore","Bangalore, Karnataka",india_other,0,2,0,swe,,,,adzuna,,,https://www.adzuna.in/land/ad/5856130230?se=3v3xlNul8RGEeLI7Dotn4Q&utm_medium=api&utm_source=93a24393&v=7D4BCCDC8FD1F62A7155EBD00876F48DFE3FD4B7
50.0,0,swe,Warner Bros. Discovery,"Staff Software Engineer in Test (Sports Team), Bangalore","Bangalore, Karnataka",india_other,0,2,0,swe,,,,adzuna,,,https://www.adzuna.in/land/ad/5837139607?se=3v3xlNul8RGEeLI7Dotn4Q&utm_medium=api&utm_source=93a24393&v=380768BF9FE1AF9A3A43E8A3CBF4B1EB5E61A307
50.0,0,swe,Warner Bros. Discovery,"Manager, Software Engineering – Backend (Consumer Team) Hyderabad","Hyderabad, Telangana",india_other,0,2,0,swe,,,,adzuna,,,https://www.adzuna.in/land/ad/5843137565?se=3v3xlNul8RGEeLI7Dotn4Q&utm_medium=api&utm_source=93a24393&v=350A6F014C00AD9B23ECEC9FA4BE67CC394F7E30
50.0,0,swe,Warner Bros. Discovery,"Senior Software Engineer - IOS - Player Team, Bangalore","Bangalore, Karnataka",india_other,0,2,0,swe,,,,adzuna,,,https://www.adzuna.in/land/ad/5837139415?se=3v3xlNul8RGEeLI7Dotn4Q&utm_medium=api&utm_source=93a24393&v=3FE0B996C5DBDD561921A4D5ED3185D7665FA2DE
50.0,0,swe,Kyndryl,"Senior Lead, Software Engineering Specialist Workday Benefits",India,india_other,0,2,0,swe,,,,adzuna,,,https://www.adzuna.in/land/ad/5837138772?se=3v3xlNul8RGEeLI7Dotn4Q&utm_medium=api&utm_source=93a24393&v=85A67C68393FBA03B95062862ABDB7D33D60D35E
50.0,0,swe,Warner Bros. Discovery,"Senior Software Engineer- Data Engineering (Commerce Team) , Hyderabad","Hyderabad, Telangana",india_other,0,2,0,swe,,,,adzuna,,,https://www.adzuna.in/land/ad/5860300743?se=3v3xlNul8RGEeLI7Dotn4Q&utm_medium=api&utm_source=93a24393&v=5CE46E79DCC88A51A8A318D31898A5EAFD42C222
50.0,0,swe,Warner Bros. Discovery,"Senior Staff Software Engineer - Golang (Consumer Team),Hyderabad","Hyderabad, Telangana",india_other,0,2,0,swe,,,,adzuna,,,https://www.adzuna.in/land/ad/5837139531?se=3v3xlNul8RGEeLI7Dotn4Q&utm_medium=api&utm_source=93a24393&v=FF7B72FE224B8CAB6B5FFC5EA2BB3F952801BDB1
50.0,0,swe,Warner Bros. Discovery,"Senior Software Engineer - Data Engineering ( Adtech Team),Bangalore","Bangalore, Karnataka",india_other,0,2,0,swe,,,,adzuna,,,https://www.adzuna.in/land/ad/5856130254?se=3v3xlNul8RGEeLI7Dotn4Q&utm_medium=api&utm_source=93a24393&v=A2D157863F121C9BEFB4DBB266BF311DB513DCC3
50.0,0,swe,Kyndryl,"Senior Lead, Software Engineering - Workday HCM Compensation Specialist",India,india_other,0,2,0,swe,,,,adzuna,,,https://www.adzuna.in/land/ad/5837139048?se=3v3xlNul8RGEeLI7Dotn4Q&utm_medium=api&utm_source=93a24393&v=CD9A338E9EB49A47DEE25E115BE5CE65F18DDC89
50.0,0,analyst,Husky Technologies,"DST Business Analyst and Business Intelligence Developer - Husky (Guindy,Chennai)","Chennai, Tamil Nadu, India",india_other,0,2,0,analyst,,,,jobspy:linkedin,,,https://www.linkedin.com/jobs/view/4460222371
50.0,0,analyst,Nexus Corporation,Data Analyst Lead,"Pune Division, Maharashtra, India",india_other,0,2,0,analyst,,,,jobspy:linkedin,,,https://www.linkedin.com/jobs/view/4458892903
50.0,0,analyst,Marico Limited,Business Analyst,"Mumbai, Maharashtra, India",india_other,0,2,0,analyst,,,,jobspy:linkedin,,,https://www.linkedin.com/jobs/view/4459274949
50.0,0,analyst,OrbiTouch HR (orbiTouch outsourcing pvt ltd),Business Analyst,"Delhi, India",india_other,0,2,0,analyst,,,,jobspy:linkedin,,,https://www.linkedin.com/jobs/view/4459275640
50.0,0,analyst,Wipro,DATA ANALYST,"Bengaluru, Karnataka, India",india_other,0,2,0,analyst,,,,jobspy:linkedin,,,https://www.linkedin.com/jobs/view/4460098408
50.0,0,swe,Wadhwani AI Global,Full Stack Engineer,"Delhi, Delhi, India",india_other,0,2,0,swe,,,,jobspy:linkedin,,,https://www.linkedin.com/jobs/view/4460009617
50.0,0,swe,Accenture services Pvt Ltd,Custom Software Engineer,"Gurugram, Haryana, India",india_other,0,2,0,swe,,,,jobspy:linkedin,,,https://www.linkedin.com/jobs/view/4459749026
50.0,0,swe,Alegeus,Sr. Software Engineer I,"Bengaluru East, Karnataka, India",india_other,0,2,0,swe,,,,jobspy:linkedin,,,https://www.linkedin.com/jobs/view/4414637842
50.0,0,swe,Light & Wonder,Senior Software Engineer- Java,"Pune Division, Maharashtra, India",india_other,0,2,0,swe,,,,jobspy:linkedin,,,https://www.linkedin.com/jobs/view/4414932083
50.0,0,swe,Coditas,.Net Developer,"Pune Division, Maharashtra, India",india_other,0,2,0,swe,,,,jobspy:linkedin,,,https://www.linkedin.com/jobs/view/4461573520
50.0,0,swe,Infor,Software Engineer,"Hyderabad, Telangana, India",india_other,0,2,0,swe,,,,jobspy:linkedin,,,https://www.linkedin.com/jobs/view/4459276628
50.0,0,swe,Siemens,Software Engineer - C# WPF,"Bangalore Urban, Karnataka, India",india_other,0,2,0,swe,,,,jobspy:linkedin,,,https://www.linkedin.com/jobs/view/4459276874
50.0,0,swe,Citi,Java Developer,"Chennai, Tamil Nadu, India",india_other,0,2,0,swe,,,,jobspy:linkedin,,,https://www.linkedin.com/jobs/view/4460077587
50.0,0,swe,ClanX,Back End Developer,"Bengaluru, Karnataka, India",india_other,0,2,0,swe,,,,jobspy:linkedin,,,https://www.linkedin.com/jobs/view/4459268886
50.0,0,swe,ASPIRE IITB Research Park Foundation,Software Engineer,"Mumbai, Maharashtra, India",india_other,0,2,0,swe,,,,jobspy:linkedin,,,https://www.linkedin.com/jobs/view/4460006135
50.0,0,swe,SAS,Fullstack Developer,"Pune Division, Maharashtra, India",india_other,0,2,0,swe,,,,jobspy:linkedin,,,https://www.linkedin.com/jobs/view/4459849305
40.0,0,analyst,RECEX,Data Analyst,"Vasai, Thane",international,0,2,0,analyst,,,,adzuna,,,https://www.adzuna.in/details/5741536696?utm_medium=api&utm_source=93a24393
40.0,0,swe,Moody's,Principal Software Engineer,"Noida, Gautam Buddha Nagar",international,0,2,0,swe,,,,adzuna,,,https://www.adzuna.in/land/ad/5846723128?se=6sahktul8RGxSf1iGXKoQA&utm_medium=api&utm_source=93a24393&v=C4473B8E4632D098BF1C0F5DAC1746C5B7909866
40.0,0,swe,Moody's,Staff Software Engineer,"Noida, Gautam Buddha Nagar",international,0,2,0,swe,,,,adzuna,,,https://www.adzuna.in/land/ad/5846723137?se=6sahktul8RGxSf1iGXKoQA&utm_medium=api&utm_source=93a24393&v=102BE019FD379589711AEEC7A5EA0DB351FCD991
40.0,0,swe,Moody's,Staff Software Engineer,"Noida, Gautam Buddha Nagar",international,0,2,0,swe,,,,adzuna,,,https://www.adzuna.in/land/ad/5846723050?se=6sahktul8RGxSf1iGXKoQA&utm_medium=api&utm_source=93a24393&v=7C6BE049631F72EEF90995671602BF6680CB0229
40.0,0,swe,Kyndryl,Software Engineering- Development,"Noida, Gautam Buddha Nagar",international,0,2,0,swe,,,,adzuna,,,https://www.adzuna.in/land/ad/5837138655?se=6sahktul8RGxSf1iGXKoQA&utm_medium=api&utm_source=93a24393&v=148A114535A936613CEDBA7E80AAF88FE4CAB1FE
40.0,0,swe,Moody's,Senior Software Engineer,"Noida, Gautam Buddha Nagar",international,0,2,0,swe,,,,adzuna,,,https://www.adzuna.in/land/ad/5846723460?se=6sahktul8RGxSf1iGXKoQA&utm_medium=api&utm_source=93a24393&v=D9CA7065ABB50C8229F37ED0E06E7960EB8B75AF
40.0,0,analyst,Corning,Supply Chain Data & Carbon Accounting Specialist,"HR, IN",international,0,2,0,analyst,,,,jobspy:indeed,,,https://in.indeed.com/viewjob?jk=e2183d7825546210
40.0,0,analyst,Optum,Business Analyst,"UP, IN",international,0,2,0,analyst,,,,jobspy:indeed,,,https://in.indeed.com/viewjob?jk=aa8344b623b0280e
40.0,0,analyst,ARIS SOLUTIONS,Quality Analyst,"TN, IN",international,0,1,0,analyst,,,,jobspy:indeed,,,https://in.indeed.com/viewjob?jk=e21ab5650aca596c
40.0,0,analyst,Halma India Private limited,M365 Analyst,"KA, IN",international,0,2,0,analyst,,,,jobspy:indeed,,,https://in.indeed.com/viewjob?jk=f07da840efecdc78
40.0,0,analyst,WebSenor,Salesforce Developer,"HR, IN",international,0,2,0,analyst,,,,jobspy:indeed,,,https://in.indeed.com/viewjob?jk=d398190e764e031a
40.0,0,analyst,RUSSELL INVESTMENTS,Senior Project Manager,"MH, IN",international,0,2,0,analyst,,,,jobspy:indeed,,,https://in.indeed.com/viewjob?jk=d86d62335172ecfd
40.0,0,analyst,Genpact,Sr. Specialist - F&A - FP&A 4D,"HR, IN",international,0,2,0,analyst,,,,jobspy:indeed,,,https://in.indeed.com/viewjob?jk=8f819b1a4d6c5a74
40.0,0,analyst,Genpact,Sr. Data Analyst 4A,"HR, IN",international,0,2,0,analyst,,,,jobspy:indeed,,,https://in.indeed.com/viewjob?jk=a29de09bbae04bae
40.0,0,analyst,Genpact,Interns,"HR, IN",international,0,2,1,analyst,,,,jobspy:indeed,,,https://in.indeed.com/viewjob?jk=31eb7804d8468127
40.0,0,analyst,,Business Analyst,"TN, IN",international,0,2,0,analyst,,,,jobspy:indeed,,,https://in.indeed.com/viewjob?jk=f243c8117db47a2a
40.0,0,analyst,Wake Up Whistle,Business Analyst | Requirement Gathering | Data Analysis | Dashboarding,,international,0,2,0,analyst,,,,jobspy:linkedin,,,https://www.linkedin.com/jobs/view/4460239418
40.0,0,analyst,Haystack,Data Analyst,"Liverpool, England, UK",international,0,2,0,analyst,,,,jobspy:linkedin,,,https://www.linkedin.com/jobs/view/4461021126
40.0,0,analyst,ClearpointCo,Data Analyst,,international,0,2,0,analyst,,,,jobspy:linkedin,,,https://www.linkedin.com/jobs/view/4460067595
40.0,0,analyst,GreenShield,Business Data Analyst,"Greater Toronto Area, Canada",international,0,2,0,analyst,,,,jobspy:linkedin,,,https://www.linkedin.com/jobs/view/4461286444
40.0,0,analyst,HUB24 Limited,Data Analyst,"Sydney, New South Wales, Australia",international,0,2,0,analyst,,,,jobspy:linkedin,,,https://www.linkedin.com/jobs/view/4449526685
40.0,0,analyst,Advance Delivery Consulting,"Data Analyst (x5 Roles) (Locations: VIC, TAS, SA)","Hornsby, New South Wales, Australia",international,0,2,0,analyst,,,,jobspy:linkedin,,,https://www.linkedin.com/jobs/view/4460021637
40.0,0,analyst,Smartsourcing,Business Analyst,,international,0,2,0,analyst,,,,jobspy:linkedin,,,https://www.linkedin.com/jobs/view/4461527916
40.0,0,analyst,Hays,Data Analyst,"Sydney, New South Wales, Australia",international,0,2,0,analyst,,,,jobspy:linkedin,,,https://www.linkedin.com/jobs/view/4460202289
40.0,0,analyst,RedRock Resourcing,Data Analyst,"Greater Bristol Area, United Kingdom",international,0,2,0,analyst,,,,jobspy:linkedin,,,https://www.linkedin.com/jobs/view/4460256109
40.0,0,analyst,Smartsourcing,Business Analyst,"Cebu, Central Visayas, Philippines",international,0,2,0,analyst,,,,jobspy:linkedin,,,https://www.linkedin.com/jobs/view/4461541206
40.0,0,swe,Vertafore,"Implementation Engineer II (MS-SQL Developer, RDBMS,T-SQL)","GJ, IN",international,0,2,0,swe,,,,jobspy:indeed,,,https://in.indeed.com/viewjob?jk=b6e3ca39d250eb88
40.0,0,swe,,VMC Programmer,"GJ, IN",international,0,2,0,swe,,,,jobspy:indeed,,,https://in.indeed.com/viewjob?jk=e50dba3529d97383
40.0,0,swe,Jazp.com,Software Tester Intern,"KL, IN",international,0,1,1,swe,,,,jobspy:indeed,,,https://in.indeed.com/viewjob?jk=f0997eff9159a37c
40.0,0,swe,Avaloq,Senior Native Mobile Engineer,"MH, IN",international,0,2,0,swe,,,,jobspy:indeed,,,https://in.indeed.com/viewjob?jk=044e1e666b5e7a08
40.0,0,swe,Archipelago Analytics,Software Development Engineer in Test,IN,international,0,2,0,swe,,,,jobspy:indeed,,,https://in.indeed.com/viewjob?jk=113f88efadad324f
40.0,0,swe,Salesforce,Associate Program Architect (Full-Stack Developer — AI-Native Engineering),"KA, IN",international,0,2,0,swe,,,,jobspy:indeed,,,https://in.indeed.com/viewjob?jk=82a18c35a5752c32
40.0,0,swe,GME Digital Solutions,Associate Software Development & Test Engineer,"CH, IN",international,0,1,0,swe,,,,jobspy:indeed,,,https://in.indeed.com/viewjob?jk=56f9f593e94a7ca8
40.0,0,swe,Stealth Startup,Software Engineer,"New York, United States",international,0,2,0,swe,,,,jobspy:linkedin,,,https://www.linkedin.com/jobs/view/4458891256
40.0,0,swe,Walmart Global Tech,(USA) Software Engineer III,"Bentonville, AR",international,0,2,0,swe,,,,jobspy:linkedin,,,https://www.linkedin.com/jobs/view/4375267309
40.0,0,swe,Fluidstack,"Software Engineer, Infrastructure Modelling","New York, NY",international,0,2,0,swe,,,,jobspy:linkedin,,,https://www.linkedin.com/jobs/view/4441385255
40.0,0,swe,Fluidstack,"Software Engineer, SCADA","New York, NY",international,0,2,0,swe,,,,jobspy:linkedin,,,https://www.linkedin.com/jobs/view/4441379461
40.0,0,swe,Chalk,Software Engineer,"New York, NY",international,0,2,0,swe,,,,jobspy:linkedin,,,https://www.linkedin.com/jobs/view/4406548495
40.0,0,swe,Neuron Industries (YC S26),Software Engineer,"Torrance, CA",international,0,2,0,swe,,,,jobspy:linkedin,,,https://www.linkedin.com/jobs/view/4455485016
40.0,0,swe,Fooda,Software Engineer,"Chicago, IL",international,0,2,0,swe,,,,jobspy:linkedin,,,https://www.linkedin.com/jobs/view/4460043904
40.0,0,swe,ByteDance,Backend Software Engineer - Platforms,"New York, United States",international,0,2,0,swe,,,,jobspy:linkedin,,,https://www.linkedin.com/jobs/view/4460052704
40.0,0,swe,Mariana Minerals,Full Stack Software Engineer,"Houston, TX",international,0,2,0,swe,,,,jobspy:linkedin,,,https://www.linkedin.com/jobs/view/4460202088
40.0,0,swe,Mariana Minerals,Full Stack Software Engineer,"Ann Arbor, MI",international,0,2,0,swe,,,,jobspy:linkedin,,,https://www.linkedin.com/jobs/view/4460098150
40.0,0,swe,NWArkansas,(USA) Software Engineer III,"Bentonville, AR",international,0,2,0,swe,,,,jobspy:linkedin,,,https://www.linkedin.com/jobs/view/4461227460
40.0,0,swe,Supermicro,Software Engineer,"San Jose, CA",international,0,2,0,swe,,,,jobspy:linkedin,,,https://www.linkedin.com/jobs/view/4461500366
40.0,0,swe,Mirage,"Software Engineer, Backend","New York, NY",international,0,2,0,swe,,,,jobspy:linkedin,,,https://www.linkedin.com/jobs/view/4461277531
40.0,0,swe,Strativ Group,Software Engineer - Stealth AI Startup - $80mil Funding,"New York, United States",international,0,2,0,swe,,,,jobspy:linkedin,,,https://www.linkedin.com/jobs/view/4397330647
40.0,0,swe,Zip,"Software Engineer, Backend (All Levels)","Toronto, Ontario, Canada",international,0,2,0,swe,,,,jobspy:linkedin,,,https://www.linkedin.com/jobs/view/4406145208
40.0,0,swe,Station Casinos,Software Engineer I,"Las Vegas, NV",international,0,2,0,swe,,,,jobspy:linkedin,,,https://www.linkedin.com/jobs/view/4461546955
40.0,0,swe,VSolvit,SOFTWARE ENGINEER 2,"California, United States",international,0,2,0,swe,,,,jobspy:linkedin,,,https://www.linkedin.com/jobs/view/4461507500
40.0,0,swe,SNI Companies,Software Engineer,"Fort Worth, TX",international,0,2,0,swe,,,,jobspy:linkedin,,,https://www.linkedin.com/jobs/view/4460041913
40.0,0,swe,DoorDash,"Software Engineer, Backend (All Levels / All Teams)","Toronto, Ontario, Canada",international,0,2,0,swe,,,,jobspy:linkedin,,,https://www.linkedin.com/jobs/view/4460202824
40.0,0,swe,Geelong Careers,Software Engineer,"Bannockburn, Victoria, Australia",international,0,2,0,swe,,,,jobspy:linkedin,,,https://www.linkedin.com/jobs/view/4461085819
40.0,0,swe,Crossing Hurdles,Backend Engineer,"San Francisco, CA",international,0,2,0,swe,,,,jobspy:linkedin,,,https://www.linkedin.com/jobs/view/4371794360
20.0,0,swe,3rd digital softwares pvt ltd,Node js developer,"GJ, IN",international,1,4,0,swe,,,,jobspy:indeed,,,https://in.indeed.com/viewjob?jk=0cbfa231014912d8
